[
  {
    "id": "package-1",
    "name": "Yeni Taşınma Paketi (Standart)",
    "description": "Yeni bir eve taşınırken ihtiyaç duyulan temel işler.",
    "tasks": ["paint-2", "elec-1", "clean-2"],
    "discountMultiplier": 0.9,
    "slug": "yeni-tasinma-paketi-standart"
  },
  {
      "id": "package-2",
      "name": "Banyo Yenileme Paketi",
      "description": "Musluk, sifon ve tıkanıklık bakımı.",
      "tasks": ["plumb-1", "plumb-2", "clean-1"],
      "discountMultiplier": 0.85,
      "slug": "banyo-yenileme-paketi"
  },
  {
      "id": "package-3",
      "name": "Kışa Hazırlık Paketi",
      "description": "Kombi bakımı ve petek temizliği ile kışa hazır olun.",
      "tasks": ["heat-1", "heat-2"],
      "discountMultiplier": 0.85,
      "slug": "kisa-hazirlik-paketi"
  }
]
